{"cameraMode":{"drawMode":0,"name":"Shaded","section":"Shading Mode"},"sceneLighting":true,"audioPlay":false,"sceneViewState":{"showFog":true,"showMaterialUpdate":false,"showSkybox":true,"showFlares":true,"showImageEffects":true,"showParticleSystems":true},"in2DMode":false,"pivot":{"x":7.253681182861328,"y":-16.825292587280275,"z":2.6475043296813967},"rotation":{"x":0.37149733304977419,"y":0.5185705423355103,"z":-0.26662135124206545,"w":0.7225537300109863},"size":24.800270080566408,"orthographic":false}